kernel,method,n_modes_used,weight_sum,agg_bias_mean,agg_bias_std,agg_dist_mean,agg_trunc_mean,agg_spurious_mean,agg_spurious_std,mean_spurious_ref_count,mean_spurious_residual_count,mean_spectral_gap,std_spectral_gap,mean_rank
linear,Principal Components (kDMD),3.0,1.0,0.0,0.0,4.574861261796949,0.0,0.7758174537427749,0.00037972957730873926,5.0,4.2,0.9379572909332596,3.75116802720945e-09,5.0
linear,Reduced Rank,3.0,1.0,3.9913285238871334e-16,5.545333411693222e-16,0.33977693217012345,1.1634727579619057e-15,0.7756242287289337,0.00016316037922862623,4.4,1.6,0.9380135256013092,3.999436414182072e-05,4.4
