kind,method,n_modes_used,agg_bias_mean,agg_bias_std,agg_dist_mean,agg_trunc_mean,agg_spurious_mean,agg_spurious_std
bad,PCR,3,9.51195077681107,3.347662403427029,17.461216052533448,0.4101938809386448,0.5106350155445639,0.06410342164240956
bad,Reduced Rank,3,13.928442396365861,4.895133958129821,17.461216052533448,0.7028312870979209,0.5106350155445639,0.06410342164240956
good,PCR,3,0.20078818636698034,0.142961116335341,106.10997807533276,0.0027003775998949,0.30597829594648834,0.2518456086025194
good,Reduced Rank,3,25.988579059943344,19.879663853977426,106.10997807533276,0.23649040220218462,0.30597829594648834,0.2518456086025194
ugly,PCR,3,0.0,0.0,148.15406761381854,0.0,0.798319536642249,0.18796690069543326
ugly,Reduced Rank,3,3.006171269279031e-10,1.227882681896327e-10,148.15406761381854,1.2647301928068737e-12,0.798319536642249,0.18796690069543326
