kind,method,n_modes_used,agg_bias_mean,agg_bias_std,agg_dist_mean,agg_trunc_mean,agg_spurious_mean,agg_spurious_std,agg_bias_mean_z,agg_dist_mean_z,agg_trunc_mean_z,agg_spurious_mean_z,agg_bias_std_z,agg_spurious_std_z,composite_score,rank
bad,PCR,3,9.51195077681107,3.347662403427029,17.461216052533448,0.4101938809386448,0.5106350155445639,0.06410342164240956,0.12961758388149974,-1.3421747077141715,0.7041102844128766,-0.1370449080284826,-0.1936860554536973,-1.3326978120479165,-0.6551254936510107,1
bad,Reduced Rank,3,13.928442396365861,4.895133958129821,17.461216052533448,0.7028312870979209,0.5106350155445639,0.06410342164240956,0.5911542101300882,-1.3421747077141715,1.8189459502304521,-0.1370449080284826,0.026175016769907727,-1.3326978120479165,0.10710615627433198,1
good,PCR,3,0.20078818636698034,0.142961116335341,106.10997807533276,0.0027003775998949,0.30597829594648834,0.2518456086025194,-0.8434268456421409,0.28517895736993387,-0.8482828189613808,-1.1504582758939872,-0.6490023803289995,1.0761505730801353,-2.0206515283163924,1
good,Reduced Rank,3,25.988579059943344,19.879663853977426,106.10997807533276,0.23649040220218462,0.30597829594648834,0.2518456086025194,1.8514746787933036,0.28517895736993387,0.04236701681915434,-1.1504582758939872,2.1551413293690844,1.0761505730801353,1.1773268260339935,1
ugly,PCR,3,0.0,0.0,148.15406761381854,0.0,0.798319536642249,0.18796690069543326,-0.864409813597083,1.0569957503442364,-0.8585702162529599,1.2875031839224707,-0.6693139551868703,0.2565472389677809,0.695672019812357,1
ugly,Reduced Rank,3,3.006171269279031e-10,1.227882681896327e-10,148.15406761381854,1.2647301928068737e-12,0.798319536642249,0.18796690069543326,-0.8644098135656677,1.0569957503442364,-0.8585702162481418,1.2875031839224707,-0.6693139551694249,0.2565472389677809,0.6956720198467213,1
