kind,method,kernel,composite_score,spectral_gap_mean,spurious_residual_count_mean
omega=0.0,Principal Components (kDMD),rbf(gamma=0.5),-3.5392500656063195,0.00794084741348978,0.3298073964086454
omega=0.0,Reduced Rank,rbf(gamma=0.5),-2.6441224285320417,0.00776743023269371,0.3240660179827741
omega=0.5,Principal Components (kDMD),rbf(gamma=0.5),-3.5494086183764515,0.009512867269174401,0.3333657227262077
omega=0.5,Reduced Rank,rbf(gamma=0.5),-2.6833989700212766,0.00919650080808144,0.3224259847871872
omega=1.0,Principal Components (kDMD),rbf(gamma=0.5),-3.593410056695189,0.009516762121146159,0.3333110738700377
omega=1.0,Reduced Rank,rbf(gamma=0.5),-2.6841515751586353,0.009415849981090501,0.3203182781267592
omega=2.0,Principal Components (kDMD),rbf(gamma=0.5),-3.7248147235914577,0.0104211339282239,0.3370864464524196
omega=2.0,Reduced Rank,rbf(gamma=0.5),-2.84905243234138,0.01021193952782236,0.3310705745535803
