kind,method,kernel,n_modes_used,weight_sum,agg_bias_mean,agg_bias_std,agg_dist_mean,agg_trunc_mean,agg_spurious_mean,agg_spurious_std,mean_spurious_ref_count,mean_spurious_residual_count,mean_spectral_gap,std_spectral_gap,mean_rank,composite_score,used_metrics,admissible,constraint_violations,rank
omega=0.0,Principal Components (kDMD),rbf(gamma=0.5),3.0,1.0,0.4320065453420672,0.08068419197523655,9.87513164780498,0.043693683965639295,0.3298073964086455,0.03885336719352743,,5.0,0.007940847413489827,0.001748202767232974,5.0,0.0,,True,,1
omega=0.0,Reduced Rank,rbf(gamma=0.5),3.0,1.0,3044.565701381198,514.3924420770012,15.977356040862425,190.56539321999108,0.3240660179827741,0.03949758842669362,,5.0,0.0077674302326937615,0.001826400609512566,5.0,0.0,,True,,2
omega=0.5,Principal Components (kDMD),rbf(gamma=0.5),3.0,1.0,0.4012399225971546,0.060404583631263345,9.7877454610889,0.040954038179388724,0.33336572272620774,0.037178393659575946,,5.0,0.009512867269174463,0.0036143881071145586,5.0,0.0,,True,,3
omega=0.5,Reduced Rank,rbf(gamma=0.5),3.0,1.0,2902.3832233929793,504.9277920660485,16.25948685645993,179.16137113192707,0.32242598478718726,0.03783685138904242,,5.0,0.009196500808081487,0.0035444778911689315,5.0,0.0,,True,,4
omega=1.0,Principal Components (kDMD),rbf(gamma=0.5),3.0,1.0,0.447101090611267,0.06959290930959303,9.847654946330046,0.045366168898896025,0.3333110738700377,0.03581059356075665,,5.0,0.009516762121146194,0.00258992647500896,5.0,0.0,,True,,5
omega=1.0,Reduced Rank,rbf(gamma=0.5),3.0,1.0,3245.6152017883705,526.2460293495803,16.00787732583585,202.4350262873179,0.3203182781267592,0.039322309255872365,,5.0,0.009415849981090551,0.0026291001939889474,5.0,0.0,,True,,6
omega=2.0,Principal Components (kDMD),rbf(gamma=0.5),3.0,1.0,0.44636882107246345,0.031109244397805304,9.702575728397385,0.0459982558614616,0.3370864464524196,0.025730159472049985,,5.0,0.010421133928223936,0.002083318677793939,5.0,0.0,,True,,7
omega=2.0,Reduced Rank,rbf(gamma=0.5),3.0,1.0,3049.0363386098593,424.5076883796355,16.037110640757376,189.89888313228502,0.33107057455358035,0.024862416984841467,,5.0,0.0102119395278224,0.0019847878343433392,5.0,0.0,,True,,8
