kernel,method,n_modes_used,weight_sum,agg_bias_mean,agg_bias_std,agg_dist_mean,agg_trunc_mean,agg_spurious_mean,agg_spurious_std,mean_spurious_ref_count,mean_spurious_residual_count,mean_spectral_gap,std_spectral_gap,mean_rank
hermite(bad),PCR,3.0,1.0,10.651141575206244,23.757438471885568,21.12935627963734,0.4121275814302086,0.48874246451111714,0.07025823664946787,0.9,2.15,0.15094554515009095,0.3078079724750701,2.9833333333333334
hermite(bad),Reduced Rank,3.0,1.0,16.120569448545112,34.617332529591394,21.12935627963734,0.702898742857307,0.48874246451111714,0.07025823664946787,0.9,2.15,0.15094554515009095,0.3078079724750701,2.9833333333333334
hermite(good),PCR,3.0,1.0,0.12662601806785945,0.15346459359757098,77.4475331925401,0.0027245803216281984,0.23149668742292145,0.038024184158365795,0.9,2.15,0.15094554515009095,0.3078079724750701,2.9833333333333334
hermite(good),Reduced Rank,3.0,1.0,18.257958810019886,26.544316898022203,77.4475331925401,0.30592206263373495,0.23149668742292145,0.038024184158365795,0.9,2.15,0.15094554515009095,0.3078079724750701,2.9833333333333334
hermite(ugly),PCR,3.0,1.0,0.0,0.0,106.09111589321053,0.0,0.7718857953896798,0.12182612928363323,0.9,2.15,0.15094554515009095,0.3078079724750701,2.9833333333333334
hermite(ugly),Reduced Rank,3.0,1.0,3.953183533425224e-11,7.442668375956231e-11,106.09111589321053,1.0477325223112321e-12,0.7718857953896798,0.12182612928363323,0.9,2.15,0.15094554515009095,0.3078079724750701,2.9833333333333334
