kind,method,kernel,composite_score,mean_spectral_gap,mean_spurious_residual_count
omega=0.0,Principal Components (kDMD),poly(p=1),-2.5495263670647423,0.009158666047070408,3.9
omega=0.0,Reduced Rank,poly(p=1),-7.656631132615253,0.3537713605169668,1.7
omega=0.5,Principal Components (kDMD),poly(p=1),-2.544847435102756,0.011077819348809437,4.0
omega=0.5,Reduced Rank,poly(p=1),-4.701171921507452,0.07946914938928672,3.1
omega=1.0,Principal Components (kDMD),poly(p=1),-2.7201846915651244,0.01112133902878184,3.9
omega=1.0,Reduced Rank,poly(p=1),-8.77311985247171,0.011127196283577612,1.4
omega=2.0,Principal Components (kDMD),poly(p=1),-3.2537911237696715,0.01147632802052011,3.3
omega=2.0,Reduced Rank,poly(p=1),-7.969018415206387,0.10420166610693374,2.0
