kernel,kind,method,eigenfunction_id,n,bias_mean,bias_std,dist_mean,trunc_mean,spurious_mean,spurious_std
linear,N/A,PCR,1,5,0.0,0.0,6.460506794341211,0.0,0.3832177461859979,0.054511756151645156
linear,N/A,PCR,2,5,0.0,0.0,0.0,0.0,1.0018498280503896,0.002776273910796627
linear,N/A,PCR,3,4,0.0,0.0,0.0,0.0,1.0005064294830468,0.00040817345705587715
linear,N/A,Reduced Rank,1,5,6.966336737232914e-16,4.492855705735363e-16,0.325304895131545,2.448068879718711e-15,0.4154136090724044,0.040978873674352614
linear,N/A,Reduced Rank,2,5,0.0,0.0,0.0,2.448068879718711e-15,1.0024113163672614,0.0033119971442145714
linear,N/A,Reduced Rank,3,5,1.4615376522459534e-14,1.3402324408883952e-14,6.726451289597534,2.448068879718711e-15,1.000612160687075,0.0003974357302092146
