kernel,kind,method,n_modes_used,weight_sum,agg_bias_mean,agg_bias_std,agg_dist_mean,agg_trunc_mean,agg_spurious_mean,agg_spurious_std,mean_spurious_ref_count,mean_spurious_residual_count,mean_spectral_gap,std_spectral_gap,mean_rank
delta,cycle_12,Principal Components (kDMD),3.0,1.0,1.030298771598268,0.025946291399529902,11.992723849878555,0.0859429714857429,0.8065796552235884,0.06047438453678737,3.0,5.0,8.326672684688674e-16,8.010207616431735e-16,5.0
delta,cycle_12,Reduced Rank,3.0,1.0,2.8597536539037103,0.13185536366718717,12.237801546256662,0.23359034682164684,0.42890977323733803,0.09401437402607148,1.0,5.0,1.3800957384013657e-05,3.646461853155654e-05,5.0
delta,path_12,Principal Components (kDMD),3.0,1.0,1.0606153491710282,0.04590980774768954,11.706197553186362,0.09059529764882443,0.8046091228650752,0.07258625992276369,3.4,5.0,6.106226635438361e-16,5.026748538604307e-16,5.0
delta,path_12,Reduced Rank,3.0,1.0,2.835386263731837,0.14283669537552443,12.128067640375154,0.23370038088731165,0.4729602032685475,0.0384876426165562,1.0,5.0,5.4683495454010966e-08,5.904495468821074e-08,5.0
