kernel,kind,method,n_modes_used,weight_sum,agg_bias_mean,agg_bias_std,agg_dist_mean,agg_trunc_mean,agg_spurious_mean,agg_spurious_std,mean_spurious_ref_count,mean_spurious_residual_count,mean_spectral_gap,std_spectral_gap,mean_rank
poly(p=1),N/A,Principal Components (kDMD),3.0,1.0,0.0,0.0,6.0888923273627835,0.0,0.365789504894694,0.0001902698761679532,4.0,3.8,0.06214758097333591,1.1872989579745589e-09,5.0
poly(p=1),N/A,Reduced Rank,3.0,1.0,9.896518836535346e-16,2.785760487241016e-16,0.43491397770124324,2.2429269239873094e-15,0.37112414133281957,0.0035276285269956967,3.8,1.7,0.06233474043266041,0.00024706324858308706,4.8
poly(p=2),N/A,Principal Components (kDMD),3.0,1.0,0.0,0.0,8.276473730125945,0.0,0.32924716782383734,2.580858850559461e-09,4.0,4.0,0.06207205110403693,3.742809870801041e-09,5.0
poly(p=2),N/A,Reduced Rank,3.0,1.0,6.856219637765246e-15,7.901540022602744e-15,2.839811513850316,2.21271986112938e-15,0.4154540423038836,0.20273099948431955,2.6,1.2,0.1432221507600936,0.13304007510756602,3.9
poly(p=3),N/A,Principal Components (kDMD),3.0,1.0,0.0,0.0,8.040171743571673,0.0,0.3177249497505208,5.55628559626025e-10,3.0,4.0,0.054091448368087436,5.551115513804422e-10,5.0
poly(p=3),N/A,Reduced Rank,3.0,1.0,4.604151764368687e-16,1.99060634676152e-16,0.22182898126587608,2.075541138986848e-15,0.688521876394264,0.28237869480413946,3.3,3.0,0.15134911035304094,0.133664721796491,5.0
poly(p=4),N/A,Principal Components (kDMD),3.0,1.0,0.0,0.0,8.490290918778364,0.0,0.30722559044091596,1.988218459701923e-11,3.0,4.0,0.054094287126631155,7.467724317444555e-16,5.0
poly(p=4),N/A,Reduced Rank,3.0,1.0,2.2231151545833606e-14,2.1716383797334417e-15,7.492499925464694,2.9671206896214685e-15,0.31159657494323895,0.0016332842896584516,3.0,2.9,0.05409337084484539,3.010858078906014e-06,5.0
