kernel,kind,method,n_modes_used,weight_sum,agg_bias_mean,agg_bias_std,agg_dist_mean,agg_trunc_mean,agg_spurious_mean,agg_spurious_std,mean_spurious_ref_count,mean_spurious_residual_count,mean_spectral_gap,std_spectral_gap,mean_rank
poly(p=1),N/A,Principal Components (kDMD),3.0,1.0,0.0,0.0,6.046530354650308,0.0,0.37314498432034654,0.007633964573108213,3.0,3.5,0.05548756936814857,0.0034620915248646644,5.0
poly(p=1),N/A,Reduced Rank,3.0,1.0,1.1986791426651845e-15,4.553349785000624e-16,0.4866311404519131,2.4248053901942622e-15,0.38272005477107196,0.010509851630173947,2.6,1.4,0.05562811465882337,0.0035070987660110824,4.6
poly(p=2),N/A,Principal Components (kDMD),3.0,1.0,0.0,0.0,8.244725745811964,0.0,0.3362026532248506,0.008757590330428219,3.0,4.0,0.05431592286888285,0.0026706648260870058,5.0
poly(p=2),N/A,Reduced Rank,3.0,1.0,3.4327020167231266e-15,6.172072861759641e-15,1.5022050487245764,2.015267630751636e-15,0.5167071135405785,0.27187220328258066,2.7,1.9,0.2717503488656391,0.33276511276728765,4.3
poly(p=3),N/A,Principal Components (kDMD),3.0,1.0,0.0,0.0,8.027697193337229,0.0,0.32903428826522685,0.01226032954005805,3.0,4.0,0.04586715342908153,0.003744676198088077,5.0
poly(p=3),N/A,Reduced Rank,3.0,1.0,3.420218882354878e-15,7.245793389068749e-15,1.5045581477745724,2.0331010474687915e-15,0.6262607524989291,0.24293922384786637,3.4,2.8,0.234069792181123,0.29722711729574625,4.9
poly(p=4),N/A,Principal Components (kDMD),3.0,1.0,0.0,0.0,8.613526242405477,0.0,0.3233863621376286,0.01207329559784431,3.0,4.0,0.04537661637690523,0.003795637592056154,5.0
poly(p=4),N/A,Reduced Rank,3.0,1.0,2.538960159832537e-14,4.2615212997861915e-15,7.279239485402663,3.4799423857339553e-15,0.3308658406326097,0.013174042611804423,3.0,2.1,0.04538551356431418,0.0037971494853138153,5.0
