kernel,kind,method,eigenfunction_id,n,bias_mean,bias_std,dist_mean,trunc_mean,spurious_mean,spurious_std
linear,N/A,Principal Components (kDMD),1,10,0.0,0.0,9.149722523593898,0.0,0.5507111925325691,1.903090223267901e-10
linear,N/A,Principal Components (kDMD),2,10,0.0,0.0,0.0,0.0,1.00065376241391,0.0006642994944300754
linear,N/A,Principal Components (kDMD),3,10,0.0,0.0,0.0,0.0,1.0013286437615863,0.0009021981691260274
linear,N/A,Principal Components (kDMD),4,7,0.0,0.0,0.0,0.0,1.0029645716361684,0.004725713468847776
linear,N/A,Principal Components (kDMD),5,1,0.0,,0.0,0.0,1.0013473768900196,
linear,N/A,Reduced Rank,1,10,3.330850165982683e-16,6.889104174991338e-17,0.2860080168750153,1.1634727579619057e-15,0.5507080509386137,5.177942392642816e-07
linear,N/A,Reduced Rank,2,10,0.0,0.0,0.0,1.1634727579619057e-15,1.000391988748086,0.0002250223342962067
linear,N/A,Reduced Rank,3,10,1.1629517204478957e-15,2.600439101471827e-15,0.983864618663079,1.1634727579619057e-15,1.0007630331760047,0.0004769739091006604
linear,N/A,Reduced Rank,4,6,,,,1.1592838585785753e-15,,
